Wavelength,Flux (Jy),Error (Jy)
0.7000150909052997,5.537376166383477e-06,5.60203241941996e-06
0.7050202401240129,6.191401317889954e-08,5.7331367810168235e-06
0.7100253893427261,-1.4222134940404074e-05,6.3746820049924555e-06
0.7150305385614393,-2.0019973209413338e-07,4.8602163193756744e-06
0.7200356877801526,8.668711808588098e-06,3.871347437934499e-06
0.7250408369988657,-1.9874476848125297e-07,3.206112735247661e-06
0.730045986217579,2.9674287824419943e-06,3.798655595982034e-06
0.7350511354362922,1.7192549841898426e-05,4.299381861882732e-06
0.7400562846550054,1.3971716709157135e-05,4.875796315145391e-06
0.7450614338737186,-3.0519657812962583e-06,3.5648341860676587e-06
0.7500665830924318,1.1019895364544396e-05,3.0204024185573257e-06
0.7550717323111451,4.73045374027859e-06,3.194971838807953e-06
0.7600768815298583,1.0850912580564967e-05,3.4537301733751608e-06
0.7650820307485715,3.892582185534111e-06,2.8190925692600635e-06
0.7700871799672847,4.830837000771425e-06,2.2106000506374923e-06
0.7750923291859979,1.1346038493927424e-05,3.3869056817095424e-06
0.7800974784047111,1.2808166706451511e-06,2.8836213516903855e-06
0.7851026276234243,5.477980525424376e-07,2.6454586919048888e-06
0.7901077768421376,-2.271756412044679e-06,2.2721795099473692e-06
0.7951129260608508,5.534626262501472e-06,2.313187827973835e-06
0.800118075279564,8.055477232087556e-06,2.179758679512358e-06
0.8051232244982772,1.1824124892356958e-05,1.8302572575682373e-06
0.8101283737169904,1.3287658777269145e-05,2.0151864586822236e-06
0.8151335229357037,7.399558474437468e-06,2.1505521120472227e-06
0.8201386721544168,1.0386603343090266e-06,1.8100841559586508e-06
0.8251438213731301,5.2793663652654395e-06,1.9797134485315313e-06
0.8301489705918433,1.0670201799315769e-05,2.06891233595228e-06
0.8351541198105565,4.966442019806592e-06,2.3248688030732323e-06
0.8401592690292697,5.4036985861540924e-06,2.362296765031474e-06
0.8451644182479829,4.4099377347522404e-06,2.2072735689858712e-06
0.8501695674666963,9.671297088486834e-06,3.0240969912715276e-06
0.8551747166854093,2.695839070309569e-06,2.560000872479788e-06
0.8601798659041227,9.930791143749237e-06,2.290243260944595e-06
0.8651850151228359,3.936528183956861e-06,1.8301858146573927e-06
0.870190164341549,4.390549625165398e-06,1.1677554059335984e-06
0.8751953135602624,3.963287194488998e-06,1.5992101366000606e-06
0.8802004627789755,3.2223336568188807e-06,1.8976375240372923e-06
0.8852056119976888,7.170002339777803e-06,1.8852997661050174e-06
0.890210761216402,3.2850142525096258e-06,1.5421714451573325e-06
0.8952159104351152,4.876987303699676e-06,1.2401596783659484e-06
0.9002210596538284,8.267560226682658e-06,2.402245029834181e-06
0.9052262088725416,-1.025609906721867e-06,3.1691199975864355e-06
0.9102313580912549,4.568858626217492e-06,3.0139424707580066e-06
0.915236507309968,5.541114207841218e-06,2.895350542357238e-06
0.9202416565286813,-2.1042228299770405e-06,2.0256489807060498e-06
0.9252468057473945,5.342980987193603e-06,1.9541271988928594e-06
0.9302519549661077,2.6892554851305333e-06,1.264807720746422e-06
0.9352571041848209,4.175555740755658e-06,1.0850742856892773e-06
0.9402622534035341,6.428671476093205e-06,1.4650341443988747e-06
0.9452674026222474,5.892206999868768e-06,1.3493496682270943e-06
0.9502725518409605,5.6017635941389415e-06,3.899586959168268e-06
0.9552777010596738,2.182629733117998e-05,9.57276486221125e-06
0.960282850278387,1.703813872703062e-05,1.023721451601076e-05
0.9652879994971002,4.188494452823526e-06,4.37425973005757e-06
0.9702931487158135,1.0261086886301641e-05,3.106239881253605e-06
0.9752982979345266,2.0200185514656388e-06,2.562712875024341e-06
0.9803034471532399,1.3393804921818302e-06,1.9343169953975894e-06
0.9853085963719531,5.221618714143293e-06,1.4294583935749401e-06
0.9903137455906663,2.6532983039476104e-06,1.1408358782279394e-06
0.9953188948093795,3.7152670612209177e-06,8.67610122332484e-07
1.0003240440280927,3.517912991820413e-06,6.665724130920293e-07
1.005329193246806,3.814571942461342e-06,5.087391763543045e-07
1.0103343424655191,2.0176610899103092e-06,6.064670053091285e-07
1.0153394916842324,4.05948766553593e-06,1.0283129636634575e-06
1.0203446409029455,6.331327183748965e-06,1.4644270994806167e-06
1.0253497901216588,-2.1691897341845883e-07,2.0605650877607642e-06
1.0303549393403721,3.3809300710591327e-06,2.172736716024151e-06
1.0353600885590852,6.055685917411959e-06,2.1517037999807553e-06
1.0403652377777985,-2.740582177411327e-07,2.0700544677122382e-06
1.0453703869965119,4.303433141607725e-06,1.5334212547260538e-06
1.050375536215225,6.619928267678977e-06,1.260342716985614e-06
1.055380685433938,3.673675221731153e-06,1.007758493118726e-06
1.0603858346526513,4.245046077779434e-06,6.77549033744274e-07
1.0653909838713647,3.626361229252688e-06,5.434557245146438e-07
1.0703961330900778,5.141265072904149e-06,6.430260017187966e-07
1.075401282308791,3.822989940834235e-06,8.230476364184383e-07
1.0804064315275044,3.44539911431874e-06,9.907508008727672e-07
1.0854115807462175,5.904128073604068e-06,1.6016845951369993e-06
1.0904167299649306,6.390782609923209e-06,1.7468634637831864e-06
1.0954218791836439,3.951060189995961e-06,2.0459411050622303e-06
1.1004270284023572,2.147666086040311e-06,2.2612454611140772e-06
1.1054321776210703,7.898567886703534e-06,2.542928421041306e-06
1.1104373268397836,4.03410833805705e-06,2.8183179519942674e-06
1.115442476058497,-1.3407458226361907e-06,2.5356326676221427e-06
1.12044762527721,7.855821962338208e-06,2.6201608353653666e-06
1.125452774495923,3.4054354478434864e-06,2.039933569984056e-06
1.1304579237146364,1.9541193073986013e-06,1.7765970686269012e-06
1.1354630729333497,5.082996479976248e-06,1.4936291226865955e-06
1.1404682221520628,5.048962466193729e-06,9.148279140258725e-07
1.145473371370776,4.037141711827883e-06,5.898789038646617e-07
1.1504785205894894,2.983834093591675e-06,3.559568112636973e-07
1.1554836698082025,4.035982329206059e-06,3.069867371880472e-07
1.1604888190269156,3.4238115918194116e-06,2.318350823044932e-07
1.165493968245629,3.3089680207719782e-06,2.03814454241178e-07
1.1704991174643422,3.3704271108333612e-06,2.2415189179718483e-07
1.1755042666830553,3.869469778076237e-06,1.9538039844632914e-07
1.1805094159017686,4.168272898439109e-06,2.813325472650291e-07
1.185514565120482,4.259450798662874e-06,3.8907435002689873e-07
1.190519714339195,2.9868283523502776e-06,5.961464194784893e-07
1.195524863557908,4.174168947730811e-06,8.616549932719528e-07
1.2005300127766214,6.233999772192075e-06,1.1152134804676474e-06
1.2055351619953347,3.3471574561625856e-06,1.3034626803094216e-06
1.2105403112140478,3.3843077591271297e-06,1.1619564273056195e-06
1.2155454604327611,3.6143401514111963e-06,1.1767397054609255e-06
1.2205506096514744,5.263144540492829e-06,9.547894540867368e-07
1.2255557588701875,1.304224989144801e-06,9.688481163942403e-07
1.2305609080889006,2.8065753142891465e-06,7.660960123419245e-07
1.2355660573076142,3.5710987784361182e-06,9.014427686950286e-07
1.2405712065263272,4.344522830826811e-06,7.506212526244182e-07
1.2455763557450403,2.3550497463671474e-06,7.252061318157803e-07
1.2505815049637536,3.663240919730134e-06,8.108739994033815e-07
1.255586654182467,4.721222008337738e-06,7.960486749216898e-07
1.26059180340118,3.2570979617067523e-06,6.995630171134145e-07
1.2655969526198931,2.835505998192625e-06,4.878634815281486e-07
1.2706021018386067,2.7477907364236677e-06,3.52070450392799e-07
1.2756072510573198,3.0311533493679866e-06,3.16124791051994e-07
1.2806124002760328,3.898063309575854e-06,4.989948100592669e-07
1.2856175494947462,3.127379667554683e-06,6.599959148205014e-07
1.2906226987134595,2.7450966018960567e-06,8.981463605575312e-07
1.2956278479321726,1.1197914074920437e-06,1.3347045556949298e-06
1.3006329971508859,6.5675850789050665e-06,1.68052546795149e-06
1.3056381463695992,3.62588850376151e-06,1.6180609395405683e-06
1.3106432955883123,2.6016482324512164e-06,1.8647557335250871e-06
1.3156484448070254,7.2475773564007e-07,1.8516460855378043e-06
1.3206535940257387,6.369589373601278e-06,1.8168571657190006e-06
1.325658743244452,3.7725674085149164e-06,1.5422865876308218e-06
1.330663892463165,1.8546041711578033e-06,1.469888579481045e-06
1.3356690416818784,2.1497287280287927e-06,1.2050657235745176e-06
1.3406741909005917,4.334035813996542e-06,1.0106747593911504e-06
1.3456793401193048,3.677555060901751e-06,7.545145433415988e-07
1.3506844893380179,3.1984283063767587e-06,6.704774811318808e-07
1.3556896385567312,3.5334834558671605e-06,4.912681664544e-07
1.3606947877754445,4.393254373751907e-06,3.365131969085833e-07
1.3656999369941576,4.183420140277737e-06,2.7243193992530044e-07
1.370705086212871,3.4819523502675163e-06,2.551694911043664e-07
1.3757102354315842,3.7490137631182543e-06,2.384657666235816e-07
1.3807153846502973,3.7993641127827667e-06,2.11690837119023e-07
1.3857205338690104,3.7597596719843737e-06,2.763674114030961e-07
1.3907256830877237,3.491092631894049e-06,2.9062904740838003e-07
1.395730832306437,3.917052469257251e-06,2.9383181496516646e-07
1.40073598152515,4.165932622972155e-06,2.5574453510396284e-07
1.4057411307438634,4.112310960585928e-06,1.7446710272389746e-07
1.4107462799625767,4.585078472607006e-06,4.558546683616121e-07
1.4157514291812898,4.3231821805046365e-06,4.782318254102262e-07
1.420756578400003,4.194497176344079e-06,4.708413994093859e-07
1.4257617276187164,3.948356879873597e-06,4.757941421291286e-07
1.4307668768374295,3.563011448755029e-06,1.7460449787055084e-07
1.4357720260561426,3.856583202407532e-06,3.212526907656225e-07
1.440777175274856,3.9548824755775e-06,3.4674439127389804e-07
1.4457823244935692,3.955911122528123e-06,3.427919294612614e-07
1.4507874737122823,3.527356980856448e-06,3.474217266039629e-07
1.4557926229309954,2.954988510124236e-06,1.4461811196792806e-07
1.460797772149709,2.5738985513992163e-06,1.551840506647395e-07
1.465802921368422,2.438990294199614e-06,1.61460140824689e-07
1.4708080705871351,2.559173090183196e-06,2.088340020307149e-07
1.4758132198058485,1.8008725837547912e-06,3.0945239256035253e-07
1.4808183690245618,2.2742556359219e-06,3.59082140141118e-07
1.4858235182432749,2.175347945478143e-06,3.5252314822649536e-07
1.4908286674619882,3.323705601807406e-06,3.811250929327188e-07
1.4958338166807015,2.417737566556909e-06,3.998343286918785e-07
1.5008389658994146,2.448673105832208e-06,3.9097393039648795e-07
1.5058441151181277,2.119129998718323e-06,4.2334446546099316e-07
1.510849264336841,2.63189621959136e-06,3.988205109479651e-07
1.5158544135555543,1.6730289287969795e-06,3.411972165084954e-07
1.5208595627742674,1.69811670884416e-06,2.9076624301311427e-07
1.5258647119929807,1.803410644403585e-06,2.996451227832886e-07
1.530869861211694,2.6070645758059975e-06,3.182482225088822e-07
1.535875010430407,2.2647917023325274e-06,3.19687684748186e-07
1.5408801596491202,1.8727388429724296e-06,3.1864597927825e-07
1.5458853088678337,1.5032223749063633e-06,2.1854796859125713e-07
1.5508904580865468,1.2582346437144463e-06,2.0671533568448474e-07
1.5558956073052599,1.3777137019690696e-06,2.0738106630614423e-07
1.560900756523973,1.4125104163346453e-06,1.9131276036836766e-07
1.5659059057426865,1.4593783350520119e-06,1.8728461916328923e-07
1.5709110549613996,1.6051759587052874e-06,1.8369958787681772e-07
1.5759162041801127,1.6699158012090061e-06,1.8043560150188631e-07
1.5809213533988262,1.7718279682952968e-06,2.0908631177868553e-07
1.5859265026175393,2.084040993585245e-06,2.2403350529941112e-07
1.5909316518362524,2.064484979191853e-06,2.815263195147116e-07
1.5959368010549655,2.657211171820408e-06,3.599144706879892e-07
1.600941950273679,2.5956049151976716e-06,3.8661771761468565e-07
1.6059470994923921,3.0854619377646584e-06,5.207227623671897e-07
1.6109522487111052,6.450031747199608e-07,7.252775833035842e-07
1.6159573979298187,3.005834192277935e-06,9.919589098442287e-07
1.6209625471485318,2.82946431328061e-06,1.0236120708365047e-06
1.625967696367245,3.288503431349786e-06,1.0597486806191137e-06
1.630972845585958,-6.281818973391922e-07,1.032191803067053e-06
1.6359779948046715,2.514172531438718e-06,1.0962059712034733e-06
1.6409831440233846,2.816723684298729e-06,8.427020736991244e-07
1.6459882932420977,3.480165429319616e-06,6.217284352276478e-07
1.6509934424608113,1.455637785299322e-06,4.6856865975560297e-07
1.6559985916795243,2.2053351183508347e-06,3.282137692762123e-07
1.6610037408982374,2.134543736553615e-06,1.555381634546341e-07
1.666008890116951,1.92721592953913e-06,1.2216950956548942e-07
1.671014039335664,2.181133810172699e-06,1.3446666402698047e-07
1.6760191885543771,1.95998300886233e-06,1.6253995730523748e-07
1.6810243377730902,2.3531481019088937e-06,1.6589182889481045e-07
1.6860294869918038,2.4057622920541584e-06,1.9360581418501535e-07
1.6910346362105169,2.986006694322213e-06,1.7429725537467016e-07
1.69603978542923,2.5878618614009865e-06,1.4323732671411735e-07
1.7010449346479435,2.4183435619387558e-06,1.47721315845844e-07
1.7060500838666566,2.4301384148129446e-06,1.508695750878004e-07
1.7110552330853697,2.4474735154767356e-06,1.5974473981079752e-07
1.7160603823040828,2.291465339453357e-06,1.534733565549285e-07
1.7210655315227963,2.3206325529088267e-06,1.506399951584793e-07
1.7260706807415094,2.2998628681982605e-06,1.4565604628533096e-07
1.7310758299602225,2.5686862084115026e-06,1.3803695304071134e-07
1.736080979178936,2.3683723156435995e-06,1.8834103520330869e-07
1.741086128397649,2.5773383963994254e-06,2.9244797760633887e-07
1.7460912776163622,2.7383235245653715e-06,2.782267695150071e-07
1.7510964268350753,2.8959863484647648e-06,2.777285357865325e-07
1.7561015760537888,2.785681310782247e-06,4.074497753635384e-07
1.761106725272502,2.3965651799604033e-06,5.062292209710828e-07
1.766111874491215,2.1674208456381643e-06,5.004450844429671e-07
1.7711170237099285,1.9752068050024866e-06,5.159799875998852e-07
1.7761221729286416,2.5894740985150865e-06,2.2785341317460423e-07
1.7811273221473547,2.7982604124579254e-06,1.4929164995258456e-07
1.7861324713660678,2.8310788824725344e-06,1.347008626495789e-07
1.7911376205847813,2.7271794567757686e-06,1.192800080700801e-07
1.7961427698034944,2.815764299548166e-06,1.1259603005197057e-07
1.8011479190222075,2.884617456314225e-06,1.2496813808576524e-07
1.806153068240921,2.849798691857288e-06,1.5749017162080032e-07
1.8111582174596341,2.788139301766445e-06,1.657629494943623e-07
1.8161633666783472,2.3856540548422123e-06,1.385679661403688e-07
1.8211685158970603,2.2241922367081573e-06,1.2887498419409767e-07
1.8261736651157738,2.3454674280946486e-06,1.2204997738877053e-07
1.831178814334487,2.6157354189948607e-06,1.2659722482805263e-07
1.8361839635532,2.7198791915105004e-06,1.235985910376803e-07
1.8411891127719135,2.7666261570390027e-06,1.170497447276528e-07
1.8461942619906266,2.6070415721311993e-06,1.1491457153344138e-07
1.8511994112093397,2.288796996443466e-06,1.2212145232511362e-07
1.8562045604280528,2.099113924561321e-06,1.4904737650046276e-07
1.8612097096467664,2.0018621421320117e-06,1.6345388446128163e-07
1.8662148588654794,2.479168218271467e-06,1.8455942035830933e-07
1.8712200080841925,2.177859732382725e-06,1.871158050777258e-07
1.876225157302906,2.071695993636285e-06,1.949141649141628e-07
1.8812303065216192,2.0319579811336696e-06,1.8362186548014056e-07
1.8862354557403322,2.128704632497013e-06,1.9203829405663545e-07
1.8912406049590458,2.3846057739887967e-06,1.9476571044530922e-07
1.8962457541777589,2.6282338706922406e-06,2.2111168821730205e-07
1.901250903396472,2.195982747671693e-06,2.3775843950758805e-07
1.906256052615185,1.512230680572486e-06,2.815018628006948e-07
1.9112612018338986,2.243831608464296e-06,2.8307686077425393e-07
1.9162663510526117,2.1780349989256764e-06,2.6560365271150975e-07
1.9212715002713248,1.3874678393047586e-06,2.570456752341103e-07
1.9262766494900383,1.2220099157394119e-06,2.526999104802473e-07
1.9312817987087514,1.7003420009922734e-06,2.2895115388415824e-07
1.9362869479274645,1.8080432499090908e-06,2.0182365726165443e-07
1.9412920971461776,1.1770769841675044e-06,1.4061918830437953e-07
1.946297246364891,1.3139382201106498e-06,1.391017613020841e-07
1.9513023955836042,1.080900721927145e-06,1.582238024373323e-07
1.9563075448023173,8.819573450993342e-07,1.292916027933218e-07
1.9613126940210308,4.966797232167769e-07,1.1619984918692413e-07
1.966317843239744,7.496549905586571e-07,1.0784242705554058e-07
1.971322992458457,9.118996700899451e-07,1.031910680340655e-07
1.97632814167717,7.935794299876003e-07,1.0991705848167938e-07
1.9813332908958836,5.640713603712737e-07,1.1056576204767531e-07
1.9863384401145967,6.40597487080706e-07,1.0994925810303162e-07
1.9913435893333098,4.2432396374672324e-07,1.0902997725916487e-07
1.9963487385520233,3.142372209749321e-07,9.313010742226523e-08
2.0013538877707364,5.02527725505088e-07,1.3740367071424417e-07
2.0063590369894495,6.974834699135786e-07,1.427808556299468e-07
2.0113641862081626,8.894700323050346e-07,1.1365428423468953e-07
2.016369335426876,5.756997869597337e-07,1.0252954524852231e-07
2.021374484645589,9.510687549846641e-07,1.315122600187807e-07
2.0263796338643023,9.469899096232956e-07,1.360750996513348e-07
2.031384783083016,8.886649651566171e-07,1.124351239421528e-07
2.036389932301729,6.111218192142315e-07,1.2939713337420143e-07
2.041395081520442,1.0080941310685452e-06,1.483449580127909e-07
2.046400230739155,1.075429148645367e-06,1.2553447825237154e-07
2.0514053799578686,9.428499103406098e-07,1.0789478623405436e-07
2.0564105291765817,9.291020047640256e-07,9.770613545355723e-08
2.061415678395295,8.714177543321093e-07,8.5769181775116e-08
2.0664208276140084,8.523982230951726e-07,9.915600487478773e-08
2.0714259768327214,4.855607782698924e-07,8.462955334326637e-08
2.0764311260514345,6.113148161796456e-07,8.078384396755792e-08
2.0814362752701476,6.540706702563401e-07,7.275503842731907e-08
2.086441424488861,7.472064866999455e-07,9.05638785677049e-08
2.0914465737075743,7.820715652667534e-07,9.335566564150458e-08
2.0964517229262873,9.313108528746148e-07,1.0121040006503462e-07
2.101456872145001,1.0068703353756728e-06,9.584304952509505e-08
2.106462021363714,1.2305401746202847e-06,1.0285407131363296e-07
2.111467170582427,1.1227389220232153e-06,1.025246598828312e-07
2.1164723198011406,1.0040940139269882e-06,8.81238715382221e-08
2.1214774690198537,9.443362981873699e-07,9.021782436051282e-08
2.1264826182385668,1.0720063261726562e-06,9.520959098452838e-08
2.13148776745728,9.067373209382438e-07,7.801230329004802e-08
2.1364929166759934,9.825573429532362e-07,9.953449652270802e-08
2.1414980658947065,1.4984642702889472e-06,1.2193423495961788e-07
2.1465032151134196,1.2908945415684425e-06,1.0136818353494e-07
2.151508364332133,1.2305286035435743e-06,1.150565457753133e-07
2.156513513550846,1.1816439938347517e-06,1.052923478919923e-07
2.1615186627695593,1.337298930447835e-06,8.342636837540555e-08
2.1665238119882724,1.1484563908948468e-06,7.706966115187625e-08
2.171528961206986,1.2259649994121076e-06,8.314882301609698e-08
2.176534110425699,1.3643324025896294e-06,1.0888242320911452e-07
2.181539259644412,1.3048612758334267e-06,1.1396165300635386e-07
2.1865444088631256,1.141259578643253e-06,1.0946386563303024e-07
2.1915495580818387,1.3715500271744484e-06,1.0157162315194806e-07
2.196554707300552,1.6587098525341488e-06,1.0244508390670099e-07
2.201559856519265,1.6442284981246395e-06,1.2838741022468034e-07
2.2065650057379784,1.7372099860864777e-06,1.2100034838327354e-07
2.2115701549566915,1.5786790828316065e-06,1.0253730377363269e-07
2.2165753041754046,1.4162980374040886e-06,1.0249705662607188e-07
2.221580453394118,1.3224016230363389e-06,1.0532007991937091e-07
2.2265856026128312,1.4864885786193574e-06,1.0654040619660413e-07
2.2315907518315443,1.5722202666436214e-06,1.0425254832682712e-07
2.2365959010502574,1.6049329179746714e-06,1.0777404146226636e-07
2.241601050268971,1.6549960796811482e-06,1.20241050183774e-07
2.246606199487684,1.633040679829432e-06,1.0835454828945676e-07
2.251611348706397,1.620854938771705e-06,1.1460508703325516e-07
2.2566164979251107,1.5223375298966954e-06,1.0189572569881846e-07
2.2616216471438237,1.2858608896296995e-06,9.973800581357419e-08
2.266626796362537,1.3891561590595308e-06,1.1261210838108956e-07
2.27163194558125,1.505341018182069e-06,1.0378258932019152e-07
2.2766370947999635,1.4904629833632031e-06,1.007556620766368e-07
2.2816422440186765,1.1812698823808324e-06,1.1091786849327384e-07
2.2866473932373896,1.2284208900300128e-06,1.147763196915776e-07
2.291652542456103,1.1601443540715318e-06,1.0696962685850182e-07
2.2966576916748163,1.030965899055305e-06,1.0002736111994442e-07
2.3016628408935293,1.2854719449072245e-06,1.1531658240741044e-07
2.306667990112243,1.728253909966691e-06,1.2349999785486025e-07
2.311673139330956,1.5382511992802924e-06,9.98417846494897e-08
2.316678288549669,1.598133361438804e-06,9.941617973738692e-08
2.321683437768382,1.5174029946579516e-06,9.629327659633679e-08
2.3266885869870957,1.4614539070359577e-06,8.426331250823071e-08
2.3316937362058088,1.3135400437362579e-06,8.751550745406121e-08
2.336698885424522,1.276446904236469e-06,1.0123024457346051e-07
2.3417040346432354,1.1880095167117905e-06,8.896333064436691e-08
2.3467091838619485,8.573409390825918e-07,8.407721524854286e-08
2.3517143330806616,9.122495475805567e-07,1.1265594625428823e-07
2.3567194822993747,8.649458667507993e-07,1.1404171822479409e-07
2.361724631518088,7.958105326544634e-07,1.0048010832853935e-07
2.3667297807368013,7.934318826030781e-07,9.159718447891729e-08
2.3717349299555144,9.455435626569299e-07,9.506446853587129e-08
2.376740079174228,8.216670807104456e-07,8.964616069748353e-08
2.381745228392941,6.570241334359436e-07,8.091342988534497e-08
2.386750377611654,7.779970246515652e-07,9.404627641792552e-08
2.391755526830367,9.23844000393173e-07,8.437263309266838e-08
2.3967606760490807,1.1038804425874518e-06,8.955974869978115e-08
2.401765825267794,1.0436226974277623e-06,7.656584204675273e-08
2.406770974486507,8.412875441628294e-07,8.164603387978753e-08
2.4117761237052204,8.510760153875575e-07,8.064146543656165e-08
2.4167812729239335,9.159934595983865e-07,8.946490718679258e-08
2.4217864221426466,1.1962461665656573e-06,8.677863501659421e-08
2.4267915713613597,1.1015992734151111e-06,8.378436895284761e-08
2.4317967205800732,9.919891361891441e-07,6.470038341744373e-08
2.4368018697987863,8.411644405560094e-07,6.55796719167982e-08
2.4418070190174994,8.227361500007289e-07,6.23824840400239e-08
2.446812168236213,9.558428777707255e-07,6.197223464885775e-08
2.451817317454926,9.799142886100559e-07,7.653631626118266e-08
2.456822466673639,9.345594984431023e-07,9.640135172381426e-08
2.461827615892352,8.979147704890517e-07,9.669469542790569e-08
2.4668327651110658,8.601644767462823e-07,8.732546072186131e-08
2.471837914329779,8.661449899482966e-07,7.307703430265974e-08
2.476843063548492,8.408026052517704e-07,6.862472272805058e-08
2.4818482127672055,8.456895174133814e-07,6.119395690174454e-08
2.4868533619859186,8.603596117225663e-07,6.503049658796114e-08
2.4918585112046316,8.321945982587272e-07,6.609927775694769e-08
2.4968636604233447,8.432070076589338e-07,6.707551175125668e-08
2.5018688096420583,9.048543316447382e-07,6.797775083092474e-08
2.5068739588607714,8.635233249811429e-07,7.0626522854786e-08
2.5118791080794844,9.691200052164491e-07,7.219239817877699e-08
2.516884257298198,9.301654418180903e-07,6.825401282332102e-08
2.521889406516911,7.370407988779856e-07,6.965140961785059e-08
2.526894555735624,7.060367922685527e-07,8.738565077714152e-08
2.5318997049543377,5.59575932674691e-07,9.342399339815307e-08
2.536904854173051,1.4241265589472738e-06,5.22630962327722e-07
2.541910003391764,1.9227720118893328e-06,8.247804981470588e-07
2.5469151526104774,2.0214262930377982e-06,8.154716991959445e-07
2.5519203018291905,1.1017482465632628e-06,3.7185977672116457e-07
2.5569254510479036,4.2517293783319815e-07,7.842276061515276e-08
2.5619306002666167,4.5144614454400815e-07,7.725873326145747e-08
2.56693574948533,6.854986691771335e-07,7.16733372387378e-08
2.5719408987040433,7.450903871722742e-07,7.175322311346762e-08
2.5769460479227564,7.746247037780313e-07,7.018679964090003e-08
2.58195119714147,6.56825847673793e-07,6.735025952167966e-08
2.586956346360183,6.048265267373324e-07,6.3296805017893e-08
2.591961495578896,6.327272273115659e-07,6.663522075751083e-08
2.5969666447976096,6.461711660235341e-07,6.731708168639595e-08
2.6019717940163227,5.924939594569709e-07,6.868512041248083e-08
2.606976943235036,3.377880539856283e-07,7.49505764020484e-08
2.611982092453749,2.596160171626768e-07,8.123061814784159e-08
2.6169872416724624,2.7099574522366297e-07,8.97887076963161e-08
2.6219923908911755,2.645702105531117e-07,1.1689058183812968e-07
2.6269975401098886,5.869029359193483e-07,1.2584434082774668e-07
2.632002689328602,-5.95390111711438e-09,5.511207042004514e-07
2.6370078385473152,-1.862261917851536e-06,1.6938807207922155e-06
2.6420129877660283,-1.951960198459318e-06,1.6620186291829005e-06
2.6470181369847414,-8.85644739281666e-07,1.1158253254696173e-06
2.652023286203455,4.145544792667755e-07,1.3282410480030953e-07
2.657028435422168,3.438632239350208e-07,1.0986350682380802e-07
2.662033584640881,1.4477301227218354e-07,1.131481703753701e-07
2.6670387338595947,8.839374706133186e-08,1.0594509347301215e-07
2.6720438830783078,2.5943397472302844e-07,9.040085825407812e-08
2.677049032297021,2.3149744574570904e-07,1.027369993236957e-07
2.682054181515734,1.4391101811798696e-07,1.1173711600321223e-07
2.6870593307344475,2.8767824521427954e-08,1.060969162060521e-07
2.6920644799531606,5.753995651597415e-08,1.0159828021814086e-07
2.6970696291718737,7.917770497691163e-08,1.082276818401324e-07
2.702074778390587,1.0514122817837e-07,1.1048088457381446e-07
2.7070799276093003,1.0471421712927721e-07,1.3316097905123677e-07
2.7120850768280134,1.0452011381968774e-07,1.2907253845034209e-07
2.7170902260467265,-7.81304761308168e-08,1.2881854020884511e-07
2.72209537526544,2.3032308499911454e-09,1.271745499321216e-07
2.727100524484153,4.62657437118991e-08,1.2751852814340048e-07
2.732105673702866,-2.484401296837168e-07,1.2814306482107883e-07
2.7371108229215797,-2.1117058417209326e-08,1.0857214245557414e-07
2.742115972140293,3.488707845627883e-08,9.634556213305385e-08
2.747121121359006,-1.7902918103182165e-07,8.482728647614838e-08
2.752126270577719,-2.390783424228271e-07,9.660993240824875e-08
2.7571314197964325,-1.6532715884439732e-07,1.0123641809932269e-07
2.7621365690151456,9.676222574660978e-08,8.991154650987834e-08
2.7671417182338587,7.326594713170033e-08,7.212308085465115e-08
2.772146867452572,4.855478388694924e-08,7.72376803730433e-08
2.7771520166712853,-2.4548134359302434e-07,9.14932608310901e-08
2.7821571658899984,-1.0924354384416592e-07,1.02610642556592e-07
2.787162315108712,2.992538758853274e-08,1.079593905967236e-07
2.792167464327425,8.122558129309761e-08,8.870894215083084e-08
2.797172613546138,-3.322271237898425e-08,8.397851105728234e-08
2.802177762764851,-2.0504539379085806e-07,8.099783814760054e-08
2.8071829119835647,-1.0886475435018405e-07,8.749674987046387e-08
2.812188061202278,-7.557884904916832e-08,1.001091659730191e-07
2.817193210420991,-5.4304196570269925e-08,1.035964093550805e-07
2.8221983596397044,-6.956122653419891e-08,1.1220586363278435e-07
2.8272035088584175,-4.310255482266084e-08,9.554340636922615e-08
2.8322086580771306,-5.862954875378409e-07,8.52855345961053e-08
2.8372138072958437,-5.673136103725336e-07,8.789898646064864e-08
2.8422189565145572,-3.19511609436077e-07,8.876296575042007e-08
2.8472241057332703,-1.901645079510538e-07,9.033183651852216e-08
2.8522292549519834,-3.5436632140519316e-09,1.2306625007714223e-07
2.857234404170697,1.4207487234286305e-07,1.1362747789385894e-07
2.86223955338941,7.544282786052796e-08,7.842108914260979e-08
2.867244702608123,1.1156675426200716e-07,7.25471202849185e-08
2.8722498518268362,-2.252132557782808e-08,8.671634452968141e-08
2.8772550010455498,-2.3525794503482365e-08,8.210614974052134e-08
2.882260150264263,-7.984234834156768e-08,8.25745785025051e-08
2.887265299482976,-2.988652237501361e-07,7.324230405063127e-08
2.8922704487016895,-3.3951843867623385e-07,8.500506803974803e-08
2.8972755979204026,-3.3972261191703336e-07,1.1227195102943767e-07
2.9022807471391157,-2.0541416058930246e-07,1.072315661412391e-07
2.9072858963578287,-1.3333629050047438e-07,8.859645010664698e-08
2.9122910455765423,1.5271567035993722e-08,8.828840158923405e-08
2.9172961947952554,-4.060169282288195e-08,7.129149634074732e-08
2.9223013440139685,1.5080476175125888e-08,7.581638564678488e-08
2.927306493232682,1.4356832134188172e-08,7.745503128520018e-08
2.932311642451395,-4.8165099571216135e-09,8.531966232750071e-08
2.937316791670108,8.188200482637785e-09,8.642542613257214e-08
2.9423219408888213,8.547978510885674e-08,7.703128809089781e-08
2.947327090107535,1.1095462353510784e-07,8.549032384214628e-08
2.952332239326248,2.8881230121941715e-07,9.177725751366678e-08
2.957337388544961,3.461855615745796e-07,8.380558818289656e-08
2.9623425377636745,2.822884937506996e-07,8.989729607338659e-08
2.9673476869823876,8.255833117885901e-08,8.727412895081236e-08
2.9723528362011007,4.389337751015679e-08,7.953070417659714e-08
2.977357985419814,-6.607368144193096e-08,7.984328281072178e-08
2.9823631346385273,-5.870754945991119e-08,8.279103268198287e-08
2.9873682838572404,-2.9035104877581303e-07,1.6235117531122788e-07
2.9923734330759535,-2.621350588245644e-07,1.588863935329488e-07
2.997378582294667,-1.4736355898286395e-07,1.221625800935716e-07
3.00238373151338,-9.086618409182624e-08,8.911319881342296e-08
3.007388880732093,-8.914537669539945e-08,9.36177083713393e-08
3.0123940299508067,-9.44743426926227e-08,9.229975852434765e-08
3.01739917916952,-7.680156075450952e-08,7.502701794405817e-08
3.022404328388233,5.386134282087271e-08,7.600844359984988e-08
3.027409477606946,1.2938421621774796e-07,9.487186923439252e-08
3.0324146268256595,2.679016199515768e-07,1.5841306829352888e-07
3.0374197760443726,2.587017599323343e-07,1.646552058381891e-07
3.0424249252630857,1.0113943849011922e-07,1.3840830042160703e-07
3.0474300744817993,5.773486693730478e-08,1.1276451382463682e-07
3.0524352237005123,1.174556557130182e-07,1.0989158783300498e-07
3.0574403729192254,1.2385961968654638e-07,1.0109435122313306e-07
3.0624455221379385,-2.6923320837941132e-08,8.789189169440139e-08
3.067450671356652,-3.601617717103679e-08,1.0715582720395405e-07
3.072455820575365,1.4336667720427307e-07,1.0228044988156712e-07
3.0774609697940782,3.0990305398760526e-07,9.390496185878411e-08
3.0824661190127918,2.70011679284122e-07,1.0516667712286897e-07
3.087471268231505,2.4329633083816625e-07,1.0995405514677848e-07
3.092476417450218,1.1295791235822661e-07,1.0326787237402804e-07
3.097481566668931,2.950005788170466e-08,1.0896437616176622e-07
3.1024867158876446,2.0161285390921087e-07,1.0166769624228258e-07
3.1074918651063577,3.8202406776290543e-07,2.184412559799977e-07
3.1124970143250708,4.4305557110120045e-07,3.2468456978240727e-07
3.1175021635437843,4.7632485508769745e-07,2.9474324993176227e-07
3.1225073127624974,1.4703355517579805e-07,1.0509085752615133e-07
3.1275124619812105,-6.090187309223436e-08,1.0525952687625216e-07
3.1325176111999236,2.945252921903415e-08,1.0016080147990627e-07
3.137522760418637,2.7821929865175162e-08,1.1415614969416922e-07
3.14252790963735,-2.9525887150646265e-08,1.129659027636731e-07
3.1475330588560633,9.853528299981455e-08,1.332096595915367e-07
3.152538208074777,-2.0434876310461787e-07,1.0658112180595988e-07
3.15754335729349,-3.3659369667203775e-08,8.467274799547615e-08
3.162548506512203,5.8590080362278165e-08,1.0997922154967834e-07
3.167553655730916,5.574755185456145e-08,8.87591617315251e-08
3.1725588049496296,1.892562853960894e-07,8.577028098759038e-08
3.1775639541683427,2.4418695090619943e-07,8.82675332993657e-08
3.182569103387056,3.751260662083188e-07,9.177527633383142e-08
3.1875742526057693,4.690293965275235e-07,7.030596268429689e-08
3.1925794018244824,4.1374553516203085e-07,5.6336585858229936e-08
3.1975845510431955,3.055968055262092e-07,6.549066840606279e-08
3.2025897002619086,7.23268534742969e-08,1.02159939068399e-07
3.207594849480622,-4.469586404166229e-07,4.191165754396966e-07
3.212599998699335,-4.570757643959142e-07,4.168964470350966e-07
3.2176051479180483,-1.136853209884505e-07,1.4797904515952487e-07
3.222610297136762,-2.321673455703907e-08,7.310925710353011e-08
3.227615446355475,6.729922671827535e-08,6.94871961370116e-08
3.232620595574188,-4.954519824441509e-07,6.426176704203333e-08
3.2376257447929015,-5.155836848326772e-07,7.075097230375749e-08
3.2426308940116146,-1.8899710393455878e-07,1.0794770581127788e-07
3.2476360432303277,5.12991737746709e-08,1.217138808810031e-07
3.252641192449041,-2.4203481838055205e-08,9.083678480523841e-08
3.2576463416677544,6.283561086582969e-08,8.741681524725346e-08
3.2626514908864674,2.9813469310777876e-07,8.847899987998236e-08
3.2676566401051805,1.246735042809903e-07,8.39214590536177e-08
3.272661789323894,-4.136283048521897e-09,1.0307129136997049e-07
3.277666938542607,-7.69813473039568e-09,1.1399282515818346e-07
3.2826720877613202,6.254460105428232e-08,1.0079583544188221e-07
3.2876772369800333,9.195939693775258e-08,7.678917158153803e-08
3.292682386198747,-1.0071237305162743e-08,9.398363197754249e-08
3.29768753541746,-6.353508169329773e-08,1.020796071517511e-07
3.302692684636173,-1.419279767934982e-07,8.999885544463946e-08
3.3076978338548866,-1.1517184144230963e-07,8.03504600344847e-08
3.3127029830735997,-6.624178681651935e-08,8.304603381729692e-08
3.3177081322923128,1.515579605807079e-07,9.129254115061324e-08
3.322713281511026,1.6578103912580719e-07,9.398182361457702e-08
3.3277184307297394,2.421711606036765e-07,9.775739205316693e-08
3.3327235799484525,3.626193080349908e-07,1.0271965028324255e-07
3.3377287291671656,3.0833155145695715e-07,9.164483956119564e-08
3.342733878385879,1.0823448340837653e-07,7.255024947935207e-08
3.347739027604592,5.316612054733224e-08,9.571032043823133e-08
3.3527441768233053,6.273346845690835e-07,4.807318580159151e-07
3.3577493260420184,6.571631920332743e-07,4.847384808390145e-07
3.362754475260732,2.89713703819027e-07,7.319207491771096e-07
3.367759624479445,1.0328056047402804e-07,7.426989086437016e-07
3.372764773698158,3.869299279439621e-07,6.320113403578614e-07
3.3777699229168716,7.906277704170016e-07,6.520614811346201e-07
3.3827750721355847,6.851302637166792e-07,6.524298032153629e-07
3.387780221354298,1.6183102931978444e-07,1.2443705863401585e-07
3.392785370573011,2.970165858081352e-07,9.915255063954056e-08
3.3977905197917244,3.6825322303061714e-07,8.805063813230802e-08
3.4027956690104375,2.91910425556464e-07,7.951343490857201e-08
3.4078008182291506,1.9197311313859326e-07,7.841857472228408e-08
3.412805967447864,3.004134719583594e-07,7.041367442159934e-08
3.417811116666577,2.2229682863438134e-07,7.751744451974097e-08
3.4228162658852903,9.965540035741648e-08,9.839015042200313e-08
3.4278214151040034,1.8626878495442203e-07,1.0228108455966629e-07
3.432826564322717,1.8059903456755372e-07,9.064402481839219e-08
3.43783171354143,-4.082799646687923e-06,1.9846830258945654e-06
3.442836862760143,-6.827826002038085e-06,3.3059434512956333e-06
3.4478420119788566,-4.813902995340156e-06,2.3912454732205764e-06
3.4528471611975697,5.084916188983827e-08,1.2158660298380746e-07
3.457852310416283,1.6220166408023423e-09,1.0068952649444123e-07
3.4628574596349964,4.2784292044399967e-08,9.738484658892748e-08
3.4678626088537094,2.813262938500668e-07,8.876449867036216e-08
3.4728677580724225,4.606730419467903e-07,9.620223954046569e-08
3.4778729072911356,5.675140439805189e-07,1.0201235917781023e-07
3.482878056509849,3.436539719686461e-07,1.0777980874637746e-07
3.4878832057285623,1.3371064454284119e-07,1.0446480210054413e-07
3.4928883549472753,1.5160058968087375e-07,9.28740074880056e-08
3.497893504165989,2.9132795997491233e-07,8.787318837141768e-08
3.502898653384702,2.62700365916086e-07,9.500225014043859e-08
3.507903802603415,2.2969222900313172e-07,1.0204930683932851e-07
3.512908951822128,1.612888556384926e-07,1.0104851534173542e-07
3.5179141010408417,4.868804224939197e-08,1.1372715663147416e-07
3.5229192502595548,9.929630607513618e-08,1.352027833819131e-07
3.527924399478268,9.412469547797357e-08,1.247307367606874e-07
3.5329295486969814,1.5629390840799334e-07,1.0351764126886695e-07
3.5379346979156945,3.055290274118741e-07,1.0334061923219451e-07
3.5429398471344076,-1.6636905672192482e-06,9.963771956439634e-07
3.5479449963531207,-2.193344425327408e-06,1.1369222250310365e-06
3.552950145571834,-1.0447715321276774e-05,5.072044023427013e-06
3.5579552947905473,-1.5402372434845726e-05,7.499618561833852e-06
3.5629604440092604,-9.818529081595243e-06,4.7420269015634715e-06
3.567965593227974,-4.53635958375922e-08,2.0271957013950366e-07
3.572970742446687,1.0606361888326418e-07,1.2805591434339073e-07
3.5779758916654,1.6159124978425146e-07,1.3888865945899546e-07
3.582981040884113,7.25649375683989e-08,1.2991178348572317e-07
3.5879861901028267,-4.087471185690472e-09,1.2629330456117857e-07
3.59299133932154,8.620559741152007e-08,1.1130719944446726e-07
3.597996488540253,1.2670842482872563e-07,1.0980987660059444e-07
3.6030016377589664,1.8343919714610493e-07,1.132097652561902e-07
3.6080067869776795,2.150953040955316e-07,1.1988303094369547e-07
3.6130119361963926,6.624017480848829e-08,1.3126168141742557e-07
3.6180170854151057,1.8304983965763907e-07,1.2631771921288682e-07
3.6230222346338192,4.1718648673953145e-07,1.0241307002580956e-07
3.6280273838525323,4.2722065201414187e-07,1.1317583630164358e-07
3.6330325330712454,3.687815643788277e-07,1.1935043092245813e-07
3.638037682289959,2.0339174599800265e-07,1.7500570385611198e-07
3.643042831508672,4.0365596118407976e-08,4.2301996157154597e-07
3.648047980727385,2.947929816439473e-07,3.549067404487061e-07
3.6530531299460987,5.908273419927336e-07,1.163785230077919e-07
3.6580582791648117,3.727428923948848e-07,1.2056424857569899e-07
3.663063428383525,7.053380857949913e-07,1.6390900723597413e-07
3.668068577602238,7.798633246889017e-07,1.7637408456137453e-07
3.6730737268209515,5.256899908939969e-07,1.230553063340827e-07
3.6780788760396645,5.125648301085416e-07,1.0786052260641948e-07
3.6830840252583776,5.675656593785704e-07,1.0530235359648437e-07
3.688089174477091,5.155051449038485e-07,1.190406566539979e-07
3.6930943236958043,2.2059623344365317e-07,1.2649842820809796e-07
3.6980994729145173,-2.272018201246295e-07,1.2683840106512623e-07
3.7031046221332304,-2.6592203840480536e-06,1.2589294693396424e-06
3.708109771351944,-2.324204091528627e-05,1.087777986720529e-05
3.713114920570657,-2.3270283428287878e-05,1.0888472747662827e-05
3.71812006978937,-8.78534579744729e-07,4.988962863536286e-07
3.7231252190080837,4.921916346780536e-09,1.1938270751454703e-07
3.7281303682267968,1.8898101694969638e-07,1.451935412865597e-07
3.73313551744551,2.405629236761675e-07,1.5464698202632042e-07
3.738140666664223,4.351755271690868e-07,1.3250363100583615e-07
3.7431458158829365,6.470580139914316e-07,1.2838884756844058e-07
3.7481509651016496,5.592321141862841e-07,1.4732551137958445e-07
3.7531561143203627,2.8468325135307384e-07,1.5418483429580326e-07
3.758161263539076,1.3217662042183472e-07,1.3068167495129033e-07
3.7631664127577893,-4.571717684904918e-08,1.284658826090139e-07
3.7681715619765024,-9.301410178159563e-08,1.1619283687601025e-07
3.7731767111952155,7.169853148755008e-07,1.3810421032959182e-07
3.778181860413929,1.2993674969808326e-06,1.5475072467102838e-07
3.783187009632642,7.813337560812612e-07,1.582090009910478e-07
3.788192158851355,2.389017187031829e-07,1.587160422413314e-07
3.7931973080700687,2.8945158065032347e-07,1.4927794001048578e-07
3.798202457288782,1.675407725267217e-07,1.429274161407485e-07
3.803207606507495,3.328841461082975e-08,1.8632272001293344e-07
3.808212755726208,-7.076005286345531e-07,1.4727572842278613e-06
3.8132179049449215,-5.788492346930657e-07,1.4695874592051215e-06
3.8182230541636346,4.0550910923360584e-07,1.4234867544397088e-07
3.8232282033823477,2.256905078510766e-07,1.4409940586032362e-07
3.8282333526010612,-2.2638704099950417e-08,1.5621610243317016e-07
3.8332385018197743,2.153665636380686e-07,1.6088704831201437e-07
3.8382436510384874,4.4843184477723343e-07,1.540842132472828e-07
3.8432488002572005,3.7633721776610367e-07,1.5140274049248055e-07
3.848253949475914,2.9424223243485445e-07,1.6528638446406935e-07
3.853259098694627,3.387783945423089e-07,1.6011691336847604e-07
3.85826424791334,3.5720400842070557e-07,1.580067321206135e-07
3.8632693971320538,1.7927953971768537e-07,1.4090402341387574e-07
3.868274546350767,3.924805326947733e-08,1.330504012499344e-07
3.87327969556948,8.589119275870506e-09,1.4507536375135858e-07
3.8782848447881935,1.5419296370236102e-07,1.491197695393217e-07
3.8832899940069066,3.239119859515786e-07,1.375503724218142e-07
3.8882951432256196,2.457160389167423e-07,1.3716892979786762e-07
3.8933002924443327,2.038000348667018e-07,1.446125213286e-07
3.8983054416630463,1.7383245815009528e-07,1.470148066358474e-07
3.9033105908817594,3.240952600049271e-08,1.4386695535290007e-07
3.9083157401004724,2.5467011863281847e-07,1.708119130490554e-07
3.913320889319186,3.9581993980315923e-07,1.7397418994854722e-07
3.918326038537899,3.4681351991335057e-07,1.3342733761266184e-07
3.923331187756612,4.262458382643222e-07,1.320349354200739e-07
3.9283363369753252,2.650331994239402e-07,1.4516116136222812e-07
3.933341486194039,-1.1684109268077263e-07,1.5041054456434036e-07
3.938346635412752,-9.658824152502947e-08,1.749321375011215e-07
3.943351784631465,6.350383277619365e-08,1.879692145037582e-07
3.9483569338501785,3.297258216833075e-07,1.7046433863549265e-07
3.9533620830688916,3.759077292466688e-07,1.5630593008120124e-07
3.9583672322876047,5.86479526074962e-08,1.8632172588598484e-07
3.9633723815063178,6.024502081745386e-08,2.0008440850208945e-07
3.9683775307250313,4.5281270428236856e-08,1.9179953635455446e-07
3.9733826799437444,4.323644259922604e-08,1.9946797949735975e-07
3.9783878291624575,2.8832394088732173e-07,2.0346310870117032e-07
3.983392978381171,5.248595577267746e-07,1.768416521864232e-07
3.988398127599884,4.526266556920171e-07,1.7127538226526514e-07
3.993403276818597,2.1508403803543544e-07,1.8376429166223156e-07
3.9984084260373103,8.237032155336704e-08,1.8938612871225342e-07
4.003413575256023,7.450629049562148e-08,1.9047890797422098e-07
4.008418724474737,-2.4156973455210216e-07,1.7879244405260638e-07
4.0134238736934496,-2.9469416084660075e-07,1.797839763842381e-07
4.018429022912163,-1.7611676094444797e-07,1.9500548037848615e-07
4.023434172130877,8.44124480956301e-08,2.1271404537816354e-07
4.028439321349589,1.8402209595343588e-07,2.072179955004933e-07
4.033444470568303,2.9577000913037705e-07,1.8250184531860694e-07
4.038449619787016,3.07924323415694e-07,1.72069557311939e-07
4.043454769005729,1.0870681731376462e-07,1.7821013553276275e-07
4.0484599182244425,2.9529134971413757e-07,1.9028474258791398e-07
4.053465067443156,2.1859860365460162e-07,2.0055555720358037e-07
4.058470216661869,-1.2037735338023307e-07,2.091717288168867e-07
4.063475365880582,6.789127677480404e-08,1.9638272871785077e-07
4.068480515099296,2.5818714221280614e-07,2.2759822959114467e-07
4.073485664318008,4.049691754086045e-07,2.931292607700667e-07
4.078490813536722,6.264194770709892e-07,2.243021992722509e-07
4.083495962755435,3.657831223979241e-07,1.7586639292504795e-07
4.088501111974148,9.021036564886243e-08,1.8057569915223518e-07
4.093506261192862,1.7269034755778235e-07,1.9744872649520624e-07
4.098511410411574,-3.1421925074399934e-08,2.2411037028556737e-07
4.103516559630288,1.166504807743631e-07,2.115347599429668e-07
4.108521708849001,3.194711407611407e-07,1.8057458846592816e-07
4.113526858067714,3.773805356659534e-07,1.726038195901312e-07
4.1185320072864275,-1.4290922108217816e-07,3.009718573917466e-06
4.123537156505141,-3.7824949069547985e-07,3.12488640314722e-06
4.128542305723854,1.1587348146166704e-07,2.5580590691945753e-07
4.133547454942567,6.349309595758346e-08,2.1642710313708528e-07
4.138552604161281,2.385166737142439e-07,2.021741945886299e-07
4.143557753379993,2.744778568305894e-07,1.9846646887366827e-07
4.148562902598707,7.0362504268312e-08,1.999339166036169e-07
4.15356805181742,4.282665289518183e-07,2.0936091003300528e-07
4.158573201036133,9.070274332156454e-07,2.391126773391715e-07
4.163578350254847,6.595681354574943e-07,2.510811662504607e-07
4.168583499473559,-1.7050777224667002e-07,1.9006245815899942e-06
4.173588648692273,-7.487770337138115e-07,3.6483422035520713e-06
4.178593797910986,8.085677691008225e-07,1.651355959662004e-06
4.183598947129699,5.72723860380301e-06,4.741855274781126e-06
4.188604096348413,4.26175416952153e-06,3.47012078648766e-06
4.193609245567126,2.90466452684743e-07,2.604849444801256e-07
4.198614394785839,4.4239009322225716e-07,2.696422774299629e-07
4.203619544004552,6.320794648668853e-07,2.4835559746241503e-07
4.208624693223266,1.1153360438720654e-05,1.0926607977149595e-05
4.2136298424419785,1.549952912715183e-05,1.5473311475566374e-05
4.218634991660692,3.3579729664972404e-06,2.9418861000729737e-06
4.223640140879405,5.027633197490306e-07,2.7211853654582116e-07
4.228645290098118,4.924519293927365e-07,2.754256850775847e-07
4.233650439316832,5.640448598239602e-07,2.4080789575464445e-07
4.238655588535544,7.183475386918995e-07,2.198816149240299e-07
4.243660737754258,7.297906148237256e-07,2.2210786641916575e-07
4.248665886972971,6.68111297244835e-07,2.269720333558093e-07
4.253671036191684,4.143487193678685e-07,2.405311380971483e-07
4.258676185410398,-4.194758334597538e-09,2.671253096230933e-07
4.263681334629111,3.3204953207252035e-08,2.763587074720169e-07
4.268686483847824,4.053355322968503e-07,2.550255132484909e-07
4.273691633066537,4.1695026291791063e-07,2.433569693312586e-07
4.278696782285251,2.6750442917067014e-08,2.226663446371915e-07
4.2837019315039635,-4.585679435382843e-08,2.417567438095205e-07
4.288707080722677,-6.435745494495835e-08,2.756393201156089e-07
4.293712229941391,9.200961586291276e-08,2.627696085387111e-07
4.298717379160103,3.33495891719987e-07,2.7719216780947787e-07
4.303722528378817,-1.3820929777985046e-07,3.1030565566724977e-07
4.308727677597529,-4.95733652462306e-07,3.2466709925869e-07
4.313732826816243,-4.7610944791231663e-07,3.576190374718794e-07
4.3187379760349565,-5.493175787627485e-07,4.1886880042105005e-07
4.323743125253669,-2.3706577514043517e-07,4.362031690549723e-07
4.328748274472383,-4.549231779671998e-07,5.265883413426396e-07
4.333753423691096,-4.83452794084531e-07,5.845161371801298e-07
4.338758572909809,-3.91116963457693e-07,6.422278391270896e-07
4.343763722128522,-5.103522851530331e-07,8.207677607910438e-07
4.348768871347236,-6.74980812194994e-07,9.70126179468393e-07
4.3537740205659485,-1.1224122165461686e-06,1.2079664361208777e-06
4.358779169784662,-1.1682355182654129e-06,1.2914923312232724e-06
4.363784319003376,-1.497791518663619e-06,1.4913456518670948e-06
4.368789468222088,-1.6336333069634458e-06,1.5916254370124416e-06
4.373794617440802,-2.832966245459581e-06,1.999643314788727e-06
4.378799766659514,-2.6182152606436875e-06,2.1976021794525086e-06
4.383804915878228,-2.2552260157101732e-06,2.635984129277461e-06
4.3888100650969415,-2.981332558838092e-06,3.021799656339521e-06
4.393815214315654,-3.236366202538112e-06,3.384213091158483e-06
4.398820363534368,-4.159764404348261e-06,3.971143786283985e-06
4.403825512753081,-4.727312781277011e-06,4.331044092736896e-06
4.408830661971794,-5.910032148297818e-06,5.40830100852144e-06
4.413835811190507,-6.123392333122576e-06,5.7070671539843214e-06
4.418840960409221,-7.090555664152309e-06,6.813439063563799e-06
4.423846109627934,-7.9047885743136e-06,7.254542083765171e-06
4.428851258846647,-8.850049278830611e-06,8.147934441613743e-06
4.433856408065361,-1.0223379629209924e-05,9.01279733508203e-06
4.438861557284073,-1.1145118369242463e-05,9.792966619259533e-06
4.443866706502787,-1.2087275633808871e-05,1.0688494311772377e-05
4.4488718557214995,-1.2803009084789688e-05,1.1144340888306585e-05
4.453877004940213,-1.535884499754982e-05,1.3211802045845282e-05
4.4588821541589265,-1.6001789367158425e-05,1.3817701608569814e-05
4.463887303377639,-1.762704853782348e-05,1.6061340408338742e-05
4.468892452596353,-1.9312766544842193e-05,1.7043494558885512e-05
4.473897601815066,-2.103542835002892e-05,1.853833601059957e-05
4.478902751033779,-2.345366822976541e-05,2.0525915664855907e-05
4.483907900252492,-2.4356464648031777e-05,2.1667312129443038e-05
4.488913049471206,-2.6792124690175598e-05,2.3888749755212493e-05
4.493918198689919,-2.7849628291714036e-05,2.4701406042102965e-05
4.498923347908632,-3.008963817010594e-05,2.7331816331754462e-05
4.503928497127346,-3.108971668287721e-05,2.822207609170229e-05
4.508933646346058,-3.298266429437318e-05,3.001605236129189e-05
4.513938795564772,-3.6661788561808665e-05,3.225126401062563e-05
4.518943944783485,-3.757897479791887e-05,3.369753498536378e-05
4.523949094002198,-4.0601199742383915e-05,3.609299474635668e-05
4.528954243220912,-4.203259477625692e-05,3.702422928274394e-05
4.533959392439624,-4.5007764302210955e-05,3.9718751855467494e-05
4.538964541658338,-4.736684017359967e-05,4.132159006406234e-05
4.543969690877051,-4.9721376350940125e-05,4.368161107914287e-05
4.548974840095765,-5.1606170908163287e-05,4.5661890300126674e-05
4.5539799893144775,-5.253124966393551e-05,4.713259491504329e-05
4.558985138533191,-5.390586390525136e-05,4.8233973998085965e-05
4.5639902877519045,-5.5899642648777606e-05,4.9127179203698456e-05
4.568995436970617,-5.915694705498193e-05,5.240347675404703e-05
4.574000586189331,-6.0371925567942725e-05,5.3293493931034e-05
4.579005735408043,-6.148337449432682e-05,5.443908497206986e-05
4.584010884626757,-6.48090622117737e-05,5.744348031283297e-05
4.58901603384547,-6.617831565566841e-05,5.896613782344437e-05
4.594021183064183,-6.901605024747791e-05,6.105442662225239e-05
4.599026332282897,-6.963030480541644e-05,6.163020945162768e-05
4.60403148150161,-7.036649824877351e-05,6.251052807006224e-05
4.609036630720323,-6.81018343890091e-05,6.092240969827953e-05
4.614041779939036,-6.683138875861074e-05,5.9497976203968325e-05
4.61904692915775,-6.735367998588188e-05,6.0235692940025016e-05
4.6240520783764625,-6.944629554462272e-05,6.158534719673774e-05
4.629057227595176,-7.543803245574422e-05,6.779156813773872e-05
4.6340623768138895,-8.223146084048768e-05,7.246151461319544e-05
4.639067526032602,-8.787913752426229e-05,7.880899908316671e-05
4.644072675251316,-9.293635273176443e-05,8.256459177607579e-05
4.649077824470029,-9.524874427257202e-05,8.446226340335706e-05
4.654082973688742,-0.00010153453978639856,9.050174629535614e-05
4.659088122907455,-0.00010466220144792218,9.272435675310974e-05
4.664093272126168,-0.0001084181901609912,9.695536455358694e-05
4.669098421344882,-0.00011340561757283395,0.0001007200357098807
4.674103570563595,-0.0001154130956063923,0.00010314046179186518
4.679108719782308,-0.00012146293941295946,0.0001089068281134513
4.684113869001021,-0.00012508111331390538,0.00011130399251886152
4.689119018219735,-0.0001296955243597725,0.00011600599020756565
4.6941241674384475,-0.00013840985333342257,0.000122739312118944
4.699129316657161,-0.00014458655082236305,0.0001282318852485863
4.704134465875875,-0.0001580644278048925,0.00013859923149754777
4.709139615094587,-0.000161954517189357,0.00014214800628940767
4.714144764313301,-0.0001696211570720674,0.00015119255098426461
4.719149913532014,-0.00017606566284104856,0.0001564105563256497
4.724155062750727,-0.00017981838422033737,0.00016099434491949192
4.7291602119694405,-0.000188338625247033,0.00016862500943656394
4.734165361188153,-0.00018870002110076583,0.00016957579748328567
4.739170510406867,-0.0001873102537243154,0.00016769815335886565
4.74417565962558,-0.00018684889804642256,0.00016713410438154336
4.749180808844293,-0.00018649861293359657,0.00016631887351027856
4.754185958063006,-0.0001904989359422962,0.00017077501021896176
4.75919110728172,-0.00018731733238175718,0.000169654520072705
4.7641962565004325,-0.00018164394804877042,0.0001626093850366983
4.769201405719146,-0.00016056601752917425,0.00014662378809376318
4.77420655493786,-0.00015210755593823044,0.00013564868750602288
4.779211704156572,-0.00015134689475804558,0.0001371095923766909
4.784216853375286,-0.0001733220838469918,0.00015315623615927873
4.789222002593999,-0.00020692685078150288,0.00018934949222886683
4.794227151812712,-0.00024773320348487455,0.00022064414134159832
4.7992323010314255,-0.00026200754965947345,0.00023673252568523522
4.804237450250138,-0.0002714902593595116,0.0002475290575755548
4.809242599468852,-0.0002744587399801406,0.00024873222267155143
4.814247748687565,-0.00027489844220784,0.0002466373803019828
4.819252897906278,-0.00025343508097152976,0.00023320127125145635
4.824258047124991,-0.00024973854989631257,0.0002283105942524269
4.829263196343705,-0.00023865969074240002,0.0002134426162433296
4.834268345562418,-0.00022162939803891914,0.00020109921493020487
4.839273494781131,-0.00020993601912852513,0.0001892954879266224
4.844278643999845,-0.00020101720188492753,0.000183678925114357
4.849283793218557,-0.00020400234308014074,0.0001850203395756402
4.854288942437271,-0.00020951521762037397,0.00019071305256261468
4.859294091655984,-0.00022673452250788307,0.00020534599577028107
4.864299240874697,-0.0002384827427981095,0.00021599581777632078
4.8693043900934105,-0.0002606055225394727,0.00023283264443972674
4.874309539312124,-0.0002528240892428533,0.00022947491092696623
4.879314688530837,-0.00024489869272868936,0.00022265139624952585
4.88431983774955,-0.00021338176655103286,0.00019795665269970394
4.889324986968263,-0.00019734220685314947,0.00018468903137917512
4.894330136186976,-0.00016752021092588203,0.00015286808662810054
4.89933528540569,-0.000141930223345621,0.00013301926795271745
4.904340434624403,-0.00012632459259028726,0.00011741257420113451
4.909345583843116,-0.0001105973499739654,0.00010342262477855859
4.91435073306183,-9.702939933375756e-05,9.159462046000575e-05
4.919355882280542,-7.957576295074145e-05,7.329885176043316e-05
4.924361031499256,-7.222622881817798e-05,7.007236702846519e-05
4.929366180717969,-8.824651235983244e-05,7.976417141457931e-05
4.934371329936682,-0.00013179284754600637,0.00012604947001914195
4.939376479155396,-0.0001754185655342333,0.00015837521192578984
4.944381628374109,-0.00020794745100485122,0.00018095070823509823
4.949386777592822,-0.00022233689676927866,0.0002062514050231937
4.954391926811535,-0.0002169333229368176,0.00020605289000936414
4.959397076030248,-0.00021377601029678282,0.0002039598528253846
4.9644022252489615,-0.00017909765540071463,0.00017441137063872598
4.969407374467675,-0.0001584835133258036,0.00015458815046717804
4.974412523686388,-0.00012530050524610663,0.00011626010144987971
4.979417672905101,-9.669481262343156e-05,9.479294172414824e-05
4.984422822123815,-8.574970337331083e-05,8.32445871695677e-05
4.989427971342527,-7.528072388603374e-05,7.442774268328427e-05
4.994433120561241,-8.332680459331062e-05,8.210446635446096e-05
4.999438269779954,-9.3421653614641e-05,9.154953840476306e-05
